Id_Itinerario,Id_Segmento,Data_It,Targa,Strada,Lat,Lng,VelocitaLimite,VelocitaRilevata,Km
0,0,2010/03/23,BT746ZV,Via%20Spadari%2C%2011%2C%2020123%20Milano%2C%20Italy,45.4636615,9.1869429,50,33,0
0,1,2010/03/23,BT746ZV,Via%20Victor%20Hugo,45.4640197,9.1865334,50,48,0.05
0,2,2010/03/23,BT746ZV,Via%20Armorari,45.4646376,9.1854203,50,44,0.11
0,3,2010/03/23,BT746ZV,Piazza%20Tommaso%20Edison,45.4644039,9.1843882,90,80,0.09
0,4,2010/03/23,BT746ZV,Via%20della%20Posta,45.4642194,9.1831201,50,52,0.1
0,5,2010/03/23,BT746ZV,Via%20Santa%20Maria%20Fulcorina,45.4649551,9.1817299,90,84,0.14
0,6,2010/03/23,BT746ZV,Via%20Santa%20Maria%20alla%20Porta,45.4656351,9.1806047,90,96,0.12
0,7,2010/03/23,BT746ZV,Via%20Meravigli,45.4656605,9.1804013,50,56,0.02
0,8,2010/03/23,BT746ZV,Via%20S.%20Giovanni%20sul%20Muro,45.4667863,9.1813366,90,83,0.14
0,9,2010/03/23,BT746ZV,Vicolo%20S.%20Giovanni%20Sul%20Muro,45.4664263,9.182204,50,59,0.09
0,10,2010/03/23,BT746ZV,Via%20Porlezza,45.4671337,9.182482,50,46,0.09
1,0,2014/11/25,EN680RY,Via%20Ges%C3%B9%2C%206%2C%2020121%20Milano%2C%20Italy,45.4693857,9.1950161,50,36,0
1,1,2014/11/25,EN680RY,Via%20della%20Spiga,45.470363,9.1966091,90,99,0.17
1,2,2014/11/25,EN680RY,Via%20della%20Spiga,45.4708146,9.1960759,90,91,0.07
1,3,2014/11/25,EN680RY,Via%20Santo%20Spirito,45.4694179,9.1938481,130,132,0.23
1,4,2014/11/25,EN680RY,Via%20Monte%20Napoleone,45.4700351,9.1927897,130,131,0.11
1,5,2014/11/25,EN680RY,Via%20Alessandro%20Manzoni,45.4723891,9.1953639,130,120,0.33
1,6,2014/11/25,EN680RY,Via%20Palestro,45.4718413,9.2024356,90,87,0.61
1,7,2014/11/25,EN680RY,Corso%20Venezia,45.4706215,9.2010583,90,84,0.17
1,8,2014/11/25,EN680RY,Via%20Gabrio%20Serbelloni,45.4701835,9.201619,50,58,0.07
1,9,2014/11/25,EN680RY,Via%20Cappuccini,45.4706187,9.2053914,90,92,0.3
1,10,2014/11/25,EN680RY,Viale%20Luigi%20Majno,45.4679042,9.2057157,50,54,0.3
1,11,2014/11/25,EN680RY,Viale%20Bianca%20Maria,45.4626628,9.2065323,50,47,0.59
1,12,2014/11/25,EN680RY,Piazza%20Cinque%20Giornate,45.461855,9.206676,90,91,0.09
1,13,2014/11/25,EN680RY,Viale%20Regina%20Margherita,45.4574338,9.2044867,130,136,0.53
1,14,2014/11/25,EN680RY,Viale%20Emilio%20Caldara,45.4524748,9.2018663,130,124,0.59
1,15,2014/11/25,EN680RY,Corso%20di%20Porta%20Romana,45.4604349,9.1885149,130,137,1.37
1,16,2014/11/25,EN680RY,Piazza%20Giuseppe%20Missori,45.4611221,9.1883402,90,87,0.08
1,17,2014/11/25,EN680RY,Via%20Alberico%20Albricci,45.4606757,9.1908889,130,129,0.2
1,18,2014/11/25,EN680RY,Via%20Larga,45.4621151,9.1932758,90,85,0.25
1,19,2014/11/25,EN680RY,Via%20Sant%27Antonio,45.4616367,9.1934539,50,44,0.06
2,0,2004/01/01,ES277WW,Via%20Rovello%2C%203%2C%2020121%20Milano%2C%20Italy,45.4674079,9.1843498,50,10,0
2,1,2004/01/01,ES277WW,Via%20S.%20Tomaso,45.4671889,9.1845187,90,81,0.03
2,2,2004/01/01,ES277WW,Via%20S.%20Tomaso,45.4675123,9.1857193,50,42,0.1
2,3,2004/01/01,ES277WW,Via%20Broletto,45.4689505,9.1853539,90,95,0.16
2,4,2004/01/01,ES277WW,Via%20dell%27Orso,45.4691786,9.1882506,50,48,0.23
2,5,2004/01/01,ES277WW,Via%20Brera,45.4723183,9.1875511,50,41,0.36
3,0,2014/08/08,DA241LC,Via%20Gian%20Giacomo%20Mora%2C%203%2C%2020123%20Milano%2C%20Italy,45.4589532,9.1803713,50,0,0
3,1,2014/08/08,DA241LC,Corso%20di%20Porta%20Ticinese,45.459032,9.18114,90,85,0.06
3,2,2014/08/08,DA241LC,Corso%20di%20Porta%20Ticinese,45.4602448,9.1813183,90,82,0.14
3,3,2014/08/08,DA241LC,Via%20Torino,45.4637355,9.188277,90,89,0.7
3,4,2014/08/08,DA241LC,Piazza%20del%20Duomo,45.4647005,9.1885516,130,137,0.14
3,5,2014/08/08,DA241LC,Via%20Giuseppe%20Mengoni,45.4660339,9.1884904,90,83,0.15
3,6,2014/08/08,DA241LC,Via%20Santa%20Margherita,45.4669622,9.1893594,130,137,0.12
3,7,2014/08/08,DA241LC,Piazza%20della%20Scala,45.4674588,9.1900112,90,92,0.07
3,8,2014/08/08,DA241LC,Via%20Alessandro%20Manzoni,45.4722757,9.1952014,50,55,0.67
3,9,2014/08/08,DA241LC,Via%20Fatebenefratelli,45.4729602,9.1879209,90,95,0.59
3,10,2014/08/08,DA241LC,Via%20Pontaccio,45.4720908,9.1839051,90,80,0.33
3,11,2014/08/08,DA241LC,Via%20Tivoli,45.4717748,9.182273,50,40,0.13
3,12,2014/08/08,DA241LC,Foro%20Buonaparte,45.4685713,9.1826402,50,58,0.39
3,13,2014/08/08,DA241LC,Via%20Cusani,45.4686852,9.1837954,50,57,0.09
4,0,2016/04/18,EB174WK,Via%20Tommaso%20Grossi%2C%2020121%20Milano%2C%20Italy,45.4655955,9.1881499,50,4,0
4,1,2016/04/18,EB174WK,Via%20S.%20Protaso,45.4669622,9.1893594,90,81,0.18
4,2,2016/04/18,EB174WK,Piazza%20della%20Scala,45.4674588,9.1900112,130,135,0.07
4,3,2016/04/18,EB174WK,Via%20Alessandro%20Manzoni,45.4722757,9.1952014,90,90,0.67
4,4,2016/04/18,EB174WK,Via%20Fatebenefratelli,45.4729602,9.1879209,50,57,0.59
4,5,2016/04/18,EB174WK,Via%20Pontaccio,45.4720908,9.1839051,50,48,0.33
4,6,2016/04/18,EB174WK,Via%20Mercato,45.4715648,9.1840585,50,44,0.06
5,0,2013/01/09,AT718PG,Corso%20Giacomo%20Matteotti%2C%207%2C%2020121%20Milano%2C%20Italy,45.4668949,9.1957932,50,32,0
5,1,2013/01/09,AT718PG,Galleria%20del%20Toro,45.4668071,9.1977978,90,90,0.16
5,2,2013/01/09,AT718PG,Corso%20Venezia,45.4687976,9.1992396,50,44,0.25
5,3,2013/01/09,AT718PG,Via%20Senato,45.4722757,9.1952014,90,91,0.5
5,4,2013/01/09,AT718PG,Via%20Fatebenefratelli,45.4729602,9.1879209,50,44,0.59
5,5,2013/01/09,AT718PG,Via%20Pontaccio,45.4720908,9.1839051,50,52,0.33
5,6,2013/01/09,AT718PG,Via%20Tivoli,45.4717748,9.182273,50,58,0.13
5,7,2013/01/09,AT718PG,Foro%20Buonaparte,45.4684627,9.1825364,50,44,0.41
5,8,2013/01/09,AT718PG,Foro%20Buonaparte,45.4679386,9.1781434,50,42,0.39
5,9,2013/01/09,AT718PG,Piazzale%20Luigi%20Cadorna,45.4682641,9.1775069,90,89,0.06
5,10,2013/01/09,AT718PG,Piazzale%20Luigi%20Cadorna,45.4679864,9.1767964,130,136,0.09
5,11,2013/01/09,AT718PG,Via%20Giosu%C3%A8%20Carducci,45.4659213,9.1756616,90,88,0.25
5,12,2013/01/09,AT718PG,Corso%20Magenta,45.4659409,9.1775947,90,94,0.15
5,13,2013/01/09,AT718PG,Corso%20Magenta,45.4656605,9.1804013,130,139,0.22
5,14,2013/01/09,AT718PG,Via%20Meravigli,45.4657357,9.1823004,90,86,0.15
5,15,2013/01/09,AT718PG,Via%20delle%20Orsole,45.4652066,9.1821513,130,124,0.06
5,16,2013/01/09,AT718PG,Via%20S.%20Vittore%20Al%20Teatro,45.4649416,9.182889,90,88,0.07
5,17,2013/01/09,AT718PG,Piazza%20degli%20Affari,45.4650033,9.1835427,50,44,0.05
5,18,2013/01/09,AT718PG,Via%20Gaetano%20Negri,45.4653198,9.1851767,90,97,0.13
5,19,2013/01/09,AT718PG,Via%20Santa%20Maria%20Segreta,45.4647287,9.1854739,90,81,0.07
5,20,2013/01/09,AT718PG,Via%20Cordusio,45.4652391,9.1862011,50,59,0.08
5,21,2013/01/09,AT718PG,left,45.4654122,9.185966,50,56,0.03
6,0,2011/12/06,AP868PR,Via%20Cusani%2C%209%2C%2020121%20Milano%2C%20Italy,45.4686852,9.1837954,50,10,0
6,1,2011/12/06,AP868PR,Foro%20Buonaparte,45.4685713,9.1826402,90,81,0.09
6,2,2011/12/06,AP868PR,Foro%20Buonaparte,45.4684627,9.1825364,90,99,0.01
6,3,2011/12/06,AP868PR,Foro%20Buonaparte,45.4679386,9.1781434,50,55,0.39
6,4,2011/12/06,AP868PR,Piazzale%20Luigi%20Cadorna,45.4682641,9.1775069,90,88,0.06
6,5,2011/12/06,AP868PR,Piazzale%20Luigi%20Cadorna,45.4679864,9.1767964,130,139,0.09
6,6,2011/12/06,AP868PR,Via%20Giosu%C3%A8%20Carducci,45.4614926,9.1734501,90,94,0.78
6,7,2011/12/06,AP868PR,Via%20Edmondo%20de%20Amicis,45.4573868,9.1809168,50,45,0.74
6,8,2011/12/06,AP868PR,Via%20Molino%20delle%20Armi,45.4560254,9.1873985,90,90,0.53
6,9,2011/12/06,AP868PR,Via%20Santa%20Sofia,45.4576026,9.193402,130,121,0.51
6,10,2011/12/06,AP868PR,Via%20Francesco%20Sforza,45.4632066,9.1987455,90,90,0.75
6,11,2011/12/06,AP868PR,Largo%20Augusto,45.4635328,9.1974201,130,123,0.11
6,12,2011/12/06,AP868PR,Via%20Durini,45.465605,9.1981691,130,121,0.24
6,13,2011/12/06,AP868PR,Corso%20Europa,45.4645134,9.1966393,90,83,0.2
6,14,2011/12/06,AP868PR,Largo%20Corsia%20dei%20Servi,45.4643512,9.1955137,50,51,0.15
7,0,2012/04/10,AH061SO,Via%20Giuseppe%20Mazzini%2C%208%2C%2020123%20Milano%2C%20Italy,45.4633101,9.1885159,50,29,0
7,1,2012/04/10,AH061SO,Via%20Cappellari,45.4632419,9.1899345,90,88,0.11
7,2,2012/04/10,AH061SO,Via%20Guglielmo%20Marconi,45.4627078,9.1899317,90,90,0.06
7,3,2012/04/10,AH061SO,Via%20Maurizio%20Gonzaga,45.4612105,9.1884206,130,124,0.23
7,4,2012/04/10,AH061SO,Via%20Giuseppe%20Mazzini,45.4611221,9.1883402,130,124,0.01
7,5,2012/04/10,AH061SO,Piazza%20Giuseppe%20Missori,45.4604349,9.1885149,90,93,0.08
7,6,2012/04/10,AH061SO,Corso%20di%20Porta%20Romana,45.4576026,9.193402,50,46,0.49
7,7,2012/04/10,AH061SO,Via%20Francesco%20Sforza,45.4632066,9.1987455,50,49,0.75
7,8,2012/04/10,AH061SO,Via%20Uberto%20Visconti%20di%20Modrone,45.4669948,9.2005457,50,44,0.46
7,9,2012/04/10,AH061SO,Via%20S.%20Damiano,45.4687976,9.1992396,50,58,0.23
7,10,2012/04/10,AH061SO,Via%20Senato,45.4722757,9.1952014,90,83,0.5
7,11,2012/04/10,AH061SO,Via%20Fatebenefratelli,45.4729602,9.1879209,130,134,0.59
7,12,2012/04/10,AH061SO,Via%20Pontaccio,45.4720908,9.1839051,90,99,0.33
7,13,2012/04/10,AH061SO,Via%20Tivoli,45.4717748,9.182273,90,80,0.13
7,14,2012/04/10,AH061SO,Foro%20Buonaparte,45.4684627,9.1825364,50,56,0.41
7,15,2012/04/10,AH061SO,Via%20Manfredo%20Camperio,45.4670663,9.1828814,50,45,0.24
8,0,2014/05/01,CN481MS,Via%20Ges%C3%B9%2C%206%2C%2020121%20Milano%2C%20Italy,45.4693857,9.1950161,50,27,0
8,1,2014/05/01,CN481MS,Via%20della%20Spiga,45.470363,9.1966091,50,52,0.17
8,2,2014/05/01,CN481MS,Via%20della%20Spiga,45.4708146,9.1960759,50,52,0.07
8,3,2014/05/01,CN481MS,Via%20Santo%20Spirito,45.4694179,9.1938481,50,49,0.23
8,4,2014/05/01,CN481MS,Via%20Monte%20Napoleone,45.4700351,9.1927897,50,48,0.11
8,5,2014/05/01,CN481MS,Via%20Alessandro%20Manzoni,45.4723891,9.1953639,50,40,0.33
8,6,2014/05/01,CN481MS,Via%20Palestro,45.4718413,9.2024356,90,85,0.61
8,7,2014/05/01,CN481MS,Corso%20Venezia,45.4706215,9.2010583,130,131,0.17
8,8,2014/05/01,CN481MS,Via%20Gabrio%20Serbelloni,45.4701835,9.201619,90,80,0.07
8,9,2014/05/01,CN481MS,Via%20Cappuccini,45.4706187,9.2053914,50,57,0.3
8,10,2014/05/01,CN481MS,Viale%20Luigi%20Majno,45.4679042,9.2057157,90,96,0.3
8,11,2014/05/01,CN481MS,Viale%20Bianca%20Maria,45.4626628,9.2065323,90,82,0.59
8,12,2014/05/01,CN481MS,Piazza%20Cinque%20Giornate,45.461855,9.206676,50,46,0.09
8,13,2014/05/01,CN481MS,Viale%20Regina%20Margherita,45.4574338,9.2044867,50,44,0.53
8,14,2014/05/01,CN481MS,Viale%20Emilio%20Caldara,45.4524748,9.2018663,50,55,0.59
8,15,2014/05/01,CN481MS,Corso%20di%20Porta%20Romana,45.4604349,9.1885149,90,92,1.37
8,16,2014/05/01,CN481MS,Piazza%20Giuseppe%20Missori,45.4612105,9.1884206,50,58,0.1
8,17,2014/05/01,CN481MS,Via%20Maurizio%20Gonzaga,45.4620303,9.1897553,50,54,0.14
8,18,2014/05/01,CN481MS,Via%20Guglielmo%20Marconi,45.4632419,9.1899345,50,46,0.2
8,19,2014/05/01,CN481MS,Via%20Dogana,45.4633101,9.1885159,50,58,0.11
9,0,2012/05/29,CI306CS,Via%20Cardinal%20Federico%2C%207%2C%2020123%20Milano%2C%20Italy,45.4628813,9.185535,50,5,0
9,1,2012/05/29,CI306CS,Via%20delle%20Asole,45.4631899,9.1859768,50,56,0.05
9,2,2012/05/29,CI306CS,Via%20delle%20Asole,45.4625928,9.1868609,90,86,0.1
9,3,2012/05/29,CI306CS,Via%20Torino,45.4602448,9.1813183,130,124,0.53
9,4,2012/05/29,CI306CS,Via%20Cesare%20Correnti,45.4587903,9.1778164,130,139,0.32
9,5,2012/05/29,CI306CS,Corso%20Genova,45.4581321,9.1768767,90,87,0.1
9,6,2012/05/29,CI306CS,Via%20Giovanni%20Battista%20Torti,45.4577733,9.1774303,130,130,0.06
9,7,2012/05/29,CI306CS,Via%20Conca%20del%20Naviglio,45.4575858,9.1773679,130,122,0.02
9,8,2012/05/29,CI306CS,Via%20Conca%20del%20Naviglio,45.4574067,9.1773326,130,123,0.02
9,9,2012/05/29,CI306CS,U-turn,45.4585777,9.1782171,130,125,0.16
9,10,2012/05/29,CI306CS,Via%20Edmondo%20de%20Amicis,45.4573868,9.1809168,90,94,0.25
9,11,2012/05/29,CI306CS,Via%20Molino%20delle%20Armi,45.4560254,9.1873985,50,52,0.53
9,12,2012/05/29,CI306CS,Via%20Santa%20Sofia,45.4576026,9.193402,90,87,0.51
9,13,2012/05/29,CI306CS,Corso%20di%20Porta%20Romana,45.4604349,9.1885149,90,85,0.49
9,14,2012/05/29,CI306CS,Piazza%20Giuseppe%20Missori,45.4611221,9.1883402,130,120,0.08
9,15,2012/05/29,CI306CS,Via%20Alberico%20Albricci,45.4606757,9.1908889,130,130,0.2
9,16,2012/05/29,CI306CS,Via%20Larga,45.4628686,9.1950435,130,134,0.41
9,17,2012/05/29,CI306CS,Via%20Verziere,45.4629272,9.1970411,90,93,0.16
9,18,2012/05/29,CI306CS,Largo%20Augusto,45.4631924,9.1976719,50,47,0.06
10,0,2016/04/03,EJ610MK,Via%20Francesco%20Sforza%2C%2012%2C%2020122%20Milano%2C%20Italy,45.4619122,9.1975084,50,35,0
10,1,2016/04/03,EJ610MK,Corso%20di%20Porta%20Vittoria,45.4632066,9.1987455,50,46,0.17
10,2,2016/04/03,EJ610MK,Via%20Uberto%20Visconti%20di%20Modrone,45.4669948,9.2005457,90,88,0.46
10,3,2016/04/03,EJ610MK,Corso%20Monforte,45.4668071,9.1977978,50,42,0.22
10,4,2016/04/03,EJ610MK,Corso%20Giacomo%20Matteotti,45.466919,9.1951704,90,98,0.2
10,5,2016/04/03,EJ610MK,Via%20S.%20Pietro%20All%27Orto,45.4678696,9.1948085,130,138,0.11
10,6,2016/04/03,EJ610MK,Via%20Pietro%20Verri,45.4681748,9.1953271,90,86,0.05
10,7,2016/04/03,EJ610MK,Via%20Monte%20Napoleone,45.4690022,9.1943926,50,50,0.12
10,8,2016/04/03,EJ610MK,Via%20Ges%C3%B9,45.4693857,9.1950161,50,40,0.07
11,0,2005/08/26,BV388BQ,Corso%20Venezia%2C%2011%2C%2020121%20Milano%2C%20Italy,45.467718,9.1983271,50,22,0
11,1,2005/08/26,BV388BQ,Via%20della%20Spiga,45.4706215,9.2010583,50,49,0.39
11,2,2005/08/26,BV388BQ,Via%20Gabrio%20Serbelloni,45.4690904,9.2021458,50,41,0.19
11,3,2005/08/26,BV388BQ,Via%20Mozart,45.4693869,9.2039449,90,92,0.14
11,4,2005/08/26,BV388BQ,Via%20Vivaio,45.4675633,9.2045413,90,96,0.21
11,5,2005/08/26,BV388BQ,Corso%20Monforte,45.4667857,9.1990612,130,133,0.44
11,6,2005/08/26,BV388BQ,Via%20Cino%20del%20Duca,45.4657696,9.199331,90,96,0.12
11,7,2005/08/26,BV388BQ,Via%20Borgogna,45.46581,9.1985004,50,48,0.07
11,8,2005/08/26,BV388BQ,Largo%20Arturo%20Toscanini,45.4658486,9.1976273,90,83,0.07
11,9,2005/08/26,BV388BQ,Corso%20Europa,45.4636145,9.1958035,130,129,0.29
11,10,2005/08/26,BV388BQ,Largo%20dei%20Bersaglieri,45.4630655,9.194874,90,80,0.1
11,11,2005/08/26,BV388BQ,Piazza%20Fontana,45.4635019,9.1941136,130,135,0.08
11,12,2005/08/26,BV388BQ,Piazza%20Fontana,45.4634792,9.1936331,90,82,0.05
11,13,2005/08/26,BV388BQ,Piazza%20Fontana,45.4636995,9.1936153,50,48,0.03
12,0,2014/05/13,DY222VX,Via%20Valpetrosa%2C%205%2C%2020123%20Milano%2C%20Italy,45.4621883,9.1853245,50,42,0
12,1,2014/05/13,DY222VX,Via%20Fosse%20Ardeatine,45.4628651,9.1855118,90,96,0.08
12,2,2014/05/13,DY222VX,Via%20Cardinal%20Federico,45.4631899,9.1859768,130,139,0.05
12,3,2014/05/13,DY222VX,Via%20delle%20Asole,45.4625928,9.1868609,90,99,0.1
12,4,2014/05/13,DY222VX,Via%20Torino,45.4637355,9.188277,130,132,0.17
12,5,2014/05/13,DY222VX,Piazza%20del%20Duomo,45.4647005,9.1885516,130,130,0.14
12,6,2014/05/13,DY222VX,Via%20Giuseppe%20Mengoni,45.4660339,9.1884904,130,130,0.15
12,7,2014/05/13,DY222VX,Via%20Santa%20Margherita,45.4669622,9.1893594,130,134,0.12
12,8,2014/05/13,DY222VX,Piazza%20della%20Scala,45.4674588,9.1900112,90,85,0.07
12,9,2014/05/13,DY222VX,Via%20Alessandro%20Manzoni,45.4697657,9.1924709,50,52,0.32
12,10,2014/05/13,DY222VX,Via%20Bigli,45.4676971,9.1945357,90,92,0.29
12,11,2014/05/13,DY222VX,Via%20Pietro%20Verri,45.4669519,9.1937582,50,41,0.11
12,12,2014/05/13,DY222VX,Piazza%20Filippo%20Meda,45.4667327,9.1928391,50,45,0.08
12,13,2014/05/13,DY222VX,Via%20S.%20Paolo,45.4654893,9.1936174,50,50,0.15
12,14,2014/05/13,DY222VX,Via%20Agnello,45.4661243,9.1916334,50,42,0.2
12,15,2014/05/13,DY222VX,Via%20Ragazzi%20del%20%2799,45.4658637,9.1912943,50,44,0.04
13,0,2015/05/11,CS658TC,Corso%20Giacomo%20Matteotti%2C%204%2F6%2C%2020121%20Milano%2C%20Italy,45.4669307,9.1942828,50,20,0
13,1,2015/05/11,CS658TC,Via%20S.%20Pietro%20All%27Orto,45.466919,9.1951704,50,48,0.07
13,2,2015/05/11,CS658TC,Via%20S.%20Pietro%20All%27Orto,45.4678696,9.1948085,90,93,0.11
13,3,2015/05/11,CS658TC,Via%20Pietro%20Verri,45.4681748,9.1953271,130,135,0.05
13,4,2015/05/11,CS658TC,Via%20Sant%27Andrea,45.4697956,9.1982061,90,80,0.29
13,5,2015/05/11,CS658TC,Via%20Senato,45.4722757,9.1952014,90,95,0.36
13,6,2015/05/11,CS658TC,Via%20Fatebenefratelli,45.4729602,9.1879209,130,139,0.59
13,7,2015/05/11,CS658TC,Via%20Pontaccio,45.4720908,9.1839051,90,94,0.33
13,8,2015/05/11,CS658TC,Via%20Tivoli,45.4717748,9.182273,90,92,0.13
13,9,2015/05/11,CS658TC,Foro%20Buonaparte,45.4684627,9.1825364,50,44,0.41
13,10,2015/05/11,CS658TC,Foro%20Buonaparte,45.4679386,9.1781434,90,80,0.39
13,11,2015/05/11,CS658TC,Piazzale%20Luigi%20Cadorna,45.4682641,9.1775069,90,93,0.06
13,12,2015/05/11,CS658TC,Piazzale%20Luigi%20Cadorna,45.4679864,9.1767964,90,83,0.09
13,13,2015/05/11,CS658TC,Via%20Giosu%C3%A8%20Carducci,45.4614926,9.1734501,90,82,0.78
13,14,2015/05/11,CS658TC,Via%20Edmondo%20de%20Amicis,45.4573868,9.1809168,90,80,0.74
13,15,2015/05/11,CS658TC,Via%20Molino%20delle%20Armi,45.4566123,9.1843124,90,91,0.28
13,16,2015/05/11,CS658TC,Via%20della%20Chiusa,45.4587773,9.1846379,50,52,0.25
13,17,2015/05/11,CS658TC,Via%20Olmetto,45.4601392,9.1863898,50,49,0.21
13,18,2015/05/11,CS658TC,Via%20Amedei,45.4607018,9.1863452,50,47,0.06
13,19,2015/05/11,CS658TC,Piazza%20Sant%27Alessandro,45.4612204,9.1864281,50,46,0.06
13,20,2015/05/11,CS658TC,Via%20Lupetta,45.4617521,9.186537,90,95,0.06
13,21,2015/05/11,CS658TC,Via%20degli%20Arcimboldi,45.4620434,9.1874254,130,125,0.08
13,22,2015/05/11,CS658TC,Via%20dell%27Unione,45.4614195,9.1877434,90,81,0.07
13,23,2015/05/11,CS658TC,Piazza%20Giuseppe%20Missori,45.4610512,9.1879997,50,40,0.05
14,0,2008/03/23,DJ571XY,Via%20Spadari%2C%209%2C%2020123%20Milano%2C%20Italy,45.4635764,9.1870511,50,32,0
14,1,2008/03/23,DJ571XY,Via%20Victor%20Hugo,45.4640197,9.1865334,50,40,0.06
14,2,2008/03/23,DJ571XY,Via%20Cesare%20Cant%C3%B9,45.4644653,9.1871285,50,42,0.07
14,3,2008/03/23,DJ571XY,Via%20Orefici,45.4637355,9.188277,90,84,0.13
14,4,2008/03/23,DJ571XY,Via%20Torino,45.4602448,9.1813183,130,135,0.7
14,5,2008/03/23,DJ571XY,Via%20Cesare%20Correnti,45.4587903,9.1778164,90,94,0.32
14,6,2008/03/23,DJ571XY,Corso%20Genova,45.4581321,9.1768767,50,56,0.1
14,7,2008/03/23,DJ571XY,Via%20Giovanni%20Battista%20Torti,45.4577733,9.1774303,50,40,0.06
14,8,2008/03/23,DJ571XY,Via%20Conca%20del%20Naviglio,45.4575858,9.1773679,50,53,0.02
14,9,2008/03/23,DJ571XY,Via%20Conca%20del%20Naviglio,45.4574067,9.1773326,90,94,0.02
14,10,2008/03/23,DJ571XY,U-turn,45.4585777,9.1782171,50,53,0.16
14,11,2008/03/23,DJ571XY,Via%20Edmondo%20de%20Amicis,45.4573868,9.1809168,90,82,0.25
14,12,2008/03/23,DJ571XY,Via%20Molino%20delle%20Armi,45.4560254,9.1873985,130,137,0.53
14,13,2008/03/23,DJ571XY,Via%20Santa%20Sofia,45.4576026,9.193402,90,82,0.51
14,14,2008/03/23,DJ571XY,Corso%20di%20Porta%20Romana,45.4604349,9.1885149,130,135,0.49
14,15,2008/03/23,DJ571XY,Piazza%20Giuseppe%20Missori,45.4611221,9.1883402,90,88,0.08
14,16,2008/03/23,DJ571XY,Via%20Alberico%20Albricci,45.4606757,9.1908889,90,90,0.2
14,17,2008/03/23,DJ571XY,Via%20Larga,45.4628686,9.1950435,50,46,0.41
14,18,2008/03/23,DJ571XY,Via%20Verziere,45.4629282,9.1954673,50,56,0.03
15,0,2016/03/22,CC547QN,Milan%2C%20Italy,45.4654122,9.185966,50,35,0
15,1,2016/03/22,CC547QN,Piazza%20Cordusio,45.4652391,9.1862011,90,94,0.03
15,2,2016/03/22,CC547QN,Via%20Orefici,45.4637355,9.188277,130,125,0.23
15,3,2016/03/22,CC547QN,Via%20Torino,45.4602448,9.1813183,130,130,0.7
15,4,2016/03/22,CC547QN,Via%20Cesare%20Correnti,45.4587903,9.1778164,90,88,0.32
15,5,2016/03/22,CC547QN,Corso%20Genova,45.4581321,9.1768767,130,125,0.1
15,6,2016/03/22,CC547QN,Via%20Giovanni%20Battista%20Torti,45.4577733,9.1774303,130,136,0.06
15,7,2016/03/22,CC547QN,Via%20Conca%20del%20Naviglio,45.4575858,9.1773679,130,124,0.02
15,8,2016/03/22,CC547QN,Via%20Conca%20del%20Naviglio,45.4574067,9.1773326,90,92,0.02
15,9,2016/03/22,CC547QN,U-turn,45.4585777,9.1782171,90,80,0.16
15,10,2016/03/22,CC547QN,Via%20Edmondo%20de%20Amicis,45.4573868,9.1809168,130,123,0.25
15,11,2016/03/22,CC547QN,Via%20Molino%20delle%20Armi,45.4560254,9.1873985,130,126,0.53
15,12,2016/03/22,CC547QN,Via%20Santa%20Sofia,45.4576026,9.193402,130,134,0.51
15,13,2016/03/22,CC547QN,Corso%20di%20Porta%20Romana,45.4604349,9.1885149,130,121,0.49
15,14,2016/03/22,CC547QN,Piazza%20Giuseppe%20Missori,45.4611221,9.1883402,130,129,0.08
15,15,2016/03/22,CC547QN,Via%20Alberico%20Albricci,45.4606757,9.1908889,130,133,0.2
15,16,2016/03/22,CC547QN,Via%20Larga,45.4621151,9.1932758,90,92,0.25
15,17,2016/03/22,CC547QN,Via%20Sant%27Antonio,45.4616367,9.1934539,50,49,0.06
16,0,2014/10/02,DG540VH,Via%20S.%20Raffaele%2C%206%2C%2020121%20Milano%2C%20Italy,45.4658637,9.1912943,50,29,0
16,1,2014/10/02,DG540VH,Via%20Agnello,45.4661243,9.1916334,90,90,0.04
16,2,2014/10/02,DG540VH,Via%20Ulrico%20Hoepli,45.4666313,9.192872,90,94,0.14
16,3,2014/10/02,DG540VH,Via%20S.%20Paolo,45.4667327,9.1928391,50,54,0.01
16,4,2014/10/02,DG540VH,Piazza%20Filippo%20Meda,45.4669519,9.1937582,50,45,0.08
16,5,2014/10/02,DG540VH,Corso%20Giacomo%20Matteotti,45.466919,9.1951704,50,43,0.11
16,6,2014/10/02,DG540VH,Via%20S.%20Pietro%20All%27Orto,45.4678696,9.1948085,50,50,0.11
16,7,2014/10/02,DG540VH,Via%20Pietro%20Verri,45.4681748,9.1953271,50,55,0.05
16,8,2014/10/02,DG540VH,Via%20Monte%20Napoleone,45.4679074,9.1956418,50,43,0.04
17,0,2016/02/24,DS666UB,Via%20Torino%2C%2023%2C%2020123%20Milano%2C%20Italy,45.4623097,9.1865571,50,14,0
17,1,2016/02/24,DS666UB,Via%20Lupetta,45.4615112,9.1854338,50,43,0.13
17,2,2016/02/24,DS666UB,Via%20S.%20Maurilio,45.463135,9.1825505,50,43,0.29
17,3,2016/02/24,DS666UB,Via%20Santa%20Maria%20Podone,45.4635676,9.1838367,50,50,0.12
17,4,2016/02/24,DS666UB,Via%20Bocchetto,45.4641318,9.1845354,50,59,0.08
17,5,2016/02/24,DS666UB,Via%20Moneta,45.4636607,9.1854812,90,93,0.09
17,6,2016/02/24,DS666UB,Via%20dell%27Ambrosiana,45.4629881,9.1846877,50,57,0.1
17,7,2016/02/24,DS666UB,Via%20Zecca%20Vecchia,45.4625386,9.1844747,90,97,0.05
17,8,2016/02/24,DS666UB,Via%20Fosse%20Ardeatine,45.4624357,9.1853463,50,51,0.07
17,9,2016/02/24,DS666UB,Via%20Valpetrosa,45.4621883,9.1853245,50,49,0.03
18,0,2011/01/31,CK238ID,Via%20Giuseppe%20Mazzini%2C%204%2C%2020123%20Milano%2C%20Italy,45.4633101,9.1885159,50,41,0
18,1,2011/01/31,CK238ID,Via%20Cappellari,45.4632419,9.1899345,90,81,0.11
18,2,2011/01/31,CK238ID,Via%20Guglielmo%20Marconi,45.4627078,9.1899317,90,81,0.06
18,3,2011/01/31,CK238ID,Via%20Maurizio%20Gonzaga,45.4612105,9.1884206,50,51,0.23
18,4,2011/01/31,CK238ID,Via%20Giuseppe%20Mazzini,45.4611221,9.1883402,50,59,0.01
18,5,2011/01/31,CK238ID,Piazza%20Giuseppe%20Missori,45.4605761,9.1883452,50,55,0.06
18,6,2011/01/31,CK238ID,Corso%20Italia,45.4544659,9.1870954,90,95,0.69
18,7,2011/01/31,CK238ID,Via%20S.%20Luca,45.4547028,9.184081,50,50,0.24
18,8,2011/01/31,CK238ID,Via%20Calatafimi,45.4535518,9.1837515,90,88,0.14
18,9,2011/01/31,CK238ID,Via%20Sambuco,45.4529391,9.1808227,130,139,0.24
18,10,2011/01/31,CK238ID,Piazza%20XXIV%20Maggio,45.4530464,9.1792373,90,92,0.13
18,11,2011/01/31,CK238ID,Viale%20Gabriele%20D%27Annunzio,45.4540821,9.1759025,130,138,0.32
18,12,2011/01/31,CK238ID,Via%20Gaetano%20Ronzoni,45.4548095,9.1769525,90,83,0.12
18,13,2011/01/31,CK238ID,Via%20Conca%20del%20Naviglio,45.4557544,9.177781,50,41,0.17
18,14,2011/01/31,CK238ID,Via%20Conca%20del%20Naviglio,45.4583114,9.178078,50,49,0.29
18,15,2011/01/31,CK238ID,Corso%20Genova,45.458614,9.177585,90,85,0.05
18,16,2011/01/31,CK238ID,Via%20Cesare%20Correnti,45.4590508,9.1782201,50,54,0.07
18,17,2011/01/31,CK238ID,Via%20Caminadella,45.4595867,9.1776612,90,93,0.07
18,18,2011/01/31,CK238ID,Via%20Orazio,45.4604294,9.1776322,130,135,0.1
18,19,2011/01/31,CK238ID,Via%20Lanzone,45.4607204,9.1796254,90,93,0.16
18,20,2011/01/31,CK238ID,Via%20Circo,45.4615711,9.1812449,130,128,0.19
18,21,2011/01/31,CK238ID,Via%20Santa%20Marta,45.4624594,9.1835919,90,92,0.23
18,22,2011/01/31,CK238ID,Via%20S.%20Maurilio,45.463135,9.1825505,130,136,0.11
18,23,2011/01/31,CK238ID,Via%20Santa%20Maria%20Podone,45.4635676,9.1838367,130,131,0.12
18,24,2011/01/31,CK238ID,Via%20Bocchetto,45.4641318,9.1845354,130,133,0.08
18,25,2011/01/31,CK238ID,Via%20Moneta,45.4636607,9.1854812,130,130,0.09
18,26,2011/01/31,CK238ID,Via%20dell%27Ambrosiana,45.4629881,9.1846877,90,81,0.1
18,27,2011/01/31,CK238ID,Via%20Zecca%20Vecchia,45.4625386,9.1844747,50,48,0.05
18,28,2011/01/31,CK238ID,Via%20Fosse%20Ardeatine,45.4624357,9.1853463,50,46,0.07
18,29,2011/01/31,CK238ID,Via%20Valpetrosa,45.4621883,9.1853245,50,45,0.03
19,0,2014/04/19,DV765BI,Via%20Cardinal%20Federico%2C%207%2C%2020123%20Milano%2C%20Italy,45.4628813,9.185535,50,49,0
19,1,2014/04/19,DV765BI,Via%20delle%20Asole,45.4631899,9.1859768,50,40,0.05
19,2,2014/04/19,DV765BI,Via%20delle%20Asole,45.4625928,9.1868609,90,93,0.1
19,3,2014/04/19,DV765BI,Via%20Torino,45.4602448,9.1813183,130,123,0.53
19,4,2014/04/19,DV765BI,Via%20Cesare%20Correnti,45.4587903,9.1778164,90,92,0.32
19,5,2014/04/19,DV765BI,Corso%20Genova,45.4581321,9.1768767,90,81,0.1
19,6,2014/04/19,DV765BI,Via%20Giovanni%20Battista%20Torti,45.4577733,9.1774303,90,86,0.06
19,7,2014/04/19,DV765BI,Via%20Conca%20del%20Naviglio,45.4575858,9.1773679,130,137,0.02
19,8,2014/04/19,DV765BI,Via%20Conca%20del%20Naviglio,45.4574067,9.1773326,130,125,0.02
19,9,2014/04/19,DV765BI,U-turn,45.4585777,9.1782171,130,136,0.16
19,10,2014/04/19,DV765BI,Via%20Edmondo%20de%20Amicis,45.4573868,9.1809168,90,89,0.25
19,11,2014/04/19,DV765BI,Via%20Molino%20delle%20Armi,45.4560254,9.1873985,50,46,0.53
19,12,2014/04/19,DV765BI,Via%20Santa%20Sofia,45.4569516,9.1903423,50,46,0.25
